Asset Name,OS,cb-cloud,cybercns-sec-vm,microsoft-ad,sentinelone
1710491253-ma01,b'Windows Server 2016 Standard 14393', ,cybercns-sec-vm, ,sentinelone
2v65z23,b'Windows 10 Pro 19044', ,cybercns-sec-vm, ,sentinelone
2v86z23,b'Windows 10 Pro 19044', ,cybercns-sec-vm, ,sentinelone
anatoliy,b'Windows 10 Home 19045', ,cybercns-sec-vm, ,sentinelone
cgd-mj0gdbz6,b'Windows 10 Enterprise 19042',cb-cloud, ,microsoft-ad,sentinelone
desktop-9q1u3bd,b'Windows 10 Pro 19045', ,cybercns-sec-vm, ,sentinelone
desktop-9q1u3bd,b'Windows 10 Pro 19044', ,cybercns-sec-vm, ,sentinelone
desktop-ghhj0is,b'Windows 10 x64',cb-cloud, , , 
desktop-hualkq8,b'Windows 10 x64',cb-cloud, , , 
desktop-ig209s1,b'Windows 10 Home 19045', ,cybercns-sec-vm, ,sentinelone
desktop-j21lb31,b'Windows 11 Home 22000', ,cybercns-sec-vm, ,sentinelone
desktop-lqqtnvo,b'Windows 11 Pro 22000', ,cybercns-sec-vm, ,sentinelone
desktop-ovst3rj,b'Windows 11 Home 22000', , , ,sentinelone
desktop-p9q4e5a,b'Windows 10 Home 19045', ,cybercns-sec-vm, ,sentinelone
desktop-r0hd832,b'Windows 10 Pro 19041', ,cybercns-sec-vm, ,sentinelone
desktop-u2444kb,b'Windows 10 x64',cb-cloud, , , 
desktop-u76h5er,b'Windows 10 x64',cb-cloud, , , 
desktop-uce9ruu,b'Windows 11 Pro 22621', ,cybercns-sec-vm,microsoft-ad,sentinelone
desktop-uq9e7n7,b'Windows 10 Pro 19045', , , ,sentinelone
desktop-uq9e7n7,b'Windows 10 Pro 19045', , , ,sentinelone
emsusr2-pc,b'Windows 10 x64',cb-cloud, , , 
emsusr9-pc,b'Windows 10 x64',cb-cloud, , , 
esc-3,b'Windows 10 x64',cb-cloud, , , 
escusr21-pc,b'Windows 11 x64',cb-cloud, , , 
essbmamag,b'Windows Server 2016 Standard 14393', ,cybercns-sec-vm,microsoft-ad,sentinelone
gg1-juve,b'Windows 10 Pro 19045', ,cybercns-sec-vm, ,sentinelone
heathers-macbook-pro,b'OS X 13.3.1 (22E261)', , , ,sentinelone
hops-bayonne-peggy,b'Windows 10 x64',cb-cloud, , , 
hrh-ablum-l01,b'Windows 10 Pro 19045', ,cybercns-sec-vm,microsoft-ad,sentinelone
hrh-bill-w229,b'Windows 10 Pro 19044', ,cybercns-sec-vm,microsoft-ad,sentinelone
hrh-bill-w230,b'Windows 10 Pro 19044', ,cybercns-sec-vm,microsoft-ad,sentinelone
hrh-cfo-w01,b'Windows 10 Enterprise 2016 LTSB 14393', ,cybercns-sec-vm,microsoft-ad,sentinelone
hrh-cno-201,b'Windows 10 Enterprise 2016 LTSB 14393', ,cybercns-sec-vm,microsoft-ad,sentinelone
hrh-doc-w01,b'Windows 10 Enterprise 2016 LTSB 14393', ,cybercns-sec-vm,microsoft-ad,sentinelone
hrh-him-lp02,b'Windows 10 Enterprise 19045', ,cybercns-sec-vm, ,sentinelone
hrh-hmorales,b'Windows 10 Pro 19045', , , ,sentinelone
hrh-hr-w01,b'Windows 10 Pro 19045', ,cybercns-sec-vm,microsoft-ad,sentinelone
hrh-it-lp0001,b'Windows 10 Pro 19044', ,cybercns-sec-vm,microsoft-ad,sentinelone
hrh-it-w001,b'Windows 10 Enterprise 2016 LTSB 14393',cb-cloud,cybercns-sec-vm, ,sentinelone
hrh-jbadillo,b'Windows 10 Pro 19045', , , ,sentinelone
hrh-pharm-w01,b'Windows 10 Enterprise 2016 LTSB 14393', ,cybercns-sec-vm,microsoft-ad,sentinelone
hrh-rgarcia,b'Windows 10 Pro 19045', , , ,sentinelone
hrh-selbaqali,b'Windows 10 Pro 19044', ,cybercns-sec-vm,microsoft-ad,sentinelone
hrh-sleep-w01,b'Windows 10 Pro 19044', ,cybercns-sec-vm,microsoft-ad,sentinelone
hrh3m,b'Windows Server 2016 Standard 14393', ,cybercns-sec-vm,microsoft-ad,sentinelone
hrhabsplus01,b'Windows 10 Enterprise 2016 LTSB 14393', , , ,sentinelone
hrhbilling002,b'Windows 10 Enterprise 2016 LTSB 14393', ,cybercns-sec-vm,microsoft-ad,sentinelone
hrhbmwin7,b'Windows 7 Professional  7601 SP1', , ,microsoft-ad,sentinelone
hrhdc03,b'Windows Server 2016 Standard 14393', ,cybercns-sec-vm,microsoft-ad,sentinelone
hrhdc04,b'Windows Server 2016 Standard 14393', ,cybercns-sec-vm,microsoft-ad,sentinelone
hrhdc05x,b'Windows Server 2016 Standard 14393', ,cybercns-sec-vm, ,sentinelone
hrhdhcp01,b'Windows Server 2016 Standard 14393', ,cybercns-sec-vm,microsoft-ad,sentinelone
hrhdhcp02,b'Windows Server 2016 Standard 14393', ,cybercns-sec-vm,microsoft-ad,sentinelone
hrhdi01,b'Windows Server 2016 Standard 14393', ,cybercns-sec-vm,microsoft-ad,sentinelone
hrhduoproxyprim,b'Windows Server 2016 Standard 14393', ,cybercns-sec-vm, ,sentinelone
hrhduoproxystby,b'Windows Server 2016 Standard 14393', ,cybercns-sec-vm, ,sentinelone
hrhftp01,b'Windows Server 2016 Standard 14393', ,cybercns-sec-vm,microsoft-ad,sentinelone
hrhgaffey01,b'Windows Server 2016 Standard 14393', ,cybercns-sec-vm,microsoft-ad,sentinelone
hrhgosolis,b'Windows Server 2016 Standard 14393', ,cybercns-sec-vm, ,sentinelone
hrhibmcadprod,b'Windows Server 2012 R2 Standard 9600', ,cybercns-sec-vm,microsoft-ad,sentinelone
hrhlatarc01,b'Windows Server 2016 Standard',cb-cloud, ,microsoft-ad, 
hrhlatdir01,b'Windows Server 2016 Standard 14393',cb-cloud,cybercns-sec-vm,microsoft-ad,sentinelone
hrhlatdir02,b'Windows Server 2016 Standard 14393', ,cybercns-sec-vm,microsoft-ad,sentinelone
hrhlis01prod,b'Windows Server 2016 Standard 14393', ,cybercns-sec-vm,microsoft-ad,sentinelone
hrhlite01,b'Windows Server 2016 Standard 14393', ,cybercns-sec-vm,microsoft-ad,sentinelone
hrhm-cmo,b'Windows 10 Pro 19045', , , ,sentinelone
hrhmaccmng01,b'Windows 10 Enterprise 19044', , ,microsoft-ad,sentinelone
hrhmbilldir1,b'Windows 10 Enterprise 2016 LTSB 14393', ,cybercns-sec-vm,microsoft-ad,sentinelone
hrhmbusanalyst1,b'Windows 10 Pro 19044', ,cybercns-sec-vm,microsoft-ad,sentinelone
hrhmcdloaner,b'Windows 10 Pro 19045',cb-cloud, ,microsoft-ad,sentinelone
hrhmceoastnt211,b'Windows 10 Enterprise 2016 LTSB 14393', ,cybercns-sec-vm,microsoft-ad,sentinelone
hrhmchiro201,b'Windows 10 Enterprise 2016 LTSB 14393', ,cybercns-sec-vm,microsoft-ad,sentinelone
hrhmchiro202,b'Windows 11 Pro 22621', ,cybercns-sec-vm,microsoft-ad,sentinelone
hrhmedrec001,b'Windows 10 Enterprise 2016 LTSB 14393', ,cybercns-sec-vm,microsoft-ad,sentinelone
hrhmedrec005,b'Windows 10 Enterprise 2016 LTSB 14393', ,cybercns-sec-vm,microsoft-ad,sentinelone
hrhmer103,b'Windows 10 Enterprise 2016 LTSB 14393', ,cybercns-sec-vm,microsoft-ad,sentinelone
hrhmer105,b'Windows 10 Enterprise 2016 LTSB 14393', ,cybercns-sec-vm,microsoft-ad,sentinelone
hrhmer106,b'Windows 10 Enterprise 2016 LTSB 14393', ,cybercns-sec-vm,microsoft-ad,sentinelone
hrhmer115,b'Windows 10 Enterprise 2016 LTSB 14393',cb-cloud, ,microsoft-ad,sentinelone
hrhmerreg102,b'Windows 10 Pro 19045', ,cybercns-sec-vm,microsoft-ad,sentinelone
hrhmesc03,b'Windows 10 x64',cb-cloud, , , 
hrhmesc04,b'Windows 10 x64',cb-cloud, , , 
hrhmfin202,b'Windows 10 Enterprise 2016 LTSB 14393',cb-cloud, ,microsoft-ad,sentinelone
hrhmgkohn,b'Windows 10 Pro 19045',cb-cloud, ,microsoft-ad,sentinelone
hrhmicu301,b'Windows 10 Pro 19044', ,cybercns-sec-vm,microsoft-ad,sentinelone
hrhmicu302,b'Windows 10 Pro 19044', ,cybercns-sec-vm,microsoft-ad,sentinelone
hrhmicusta001,b'Windows 10 Enterprise 2016 LTSB 14393', ,cybercns-sec-vm,microsoft-ad,sentinelone
hrhmit205,b'Windows 10 Enterprise 2016 LTSB 14393',cb-cloud, ,microsoft-ad,sentinelone
hrhmit207,b'Windows 10 x64',cb-cloud, ,microsoft-ad, 
hrhmit220,b'Windows 10 Enterprise 2016 LTSB 14393', ,cybercns-sec-vm,microsoft-ad,sentinelone
hrhmitalla,b'Windows 10 Enterprise 2016 LTSB 14393',cb-cloud, ,microsoft-ad,sentinelone
hrhmitcio01,b'Windows 10 Pro 19044', ,cybercns-sec-vm,microsoft-ad,sentinelone
hrhmitintern04,b'Windows 10 Enterprise 19044', ,cybercns-sec-vm,microsoft-ad,sentinelone
hrhmitloaner100,b'Windows 10 Pro 19045', ,cybercns-sec-vm, ,sentinelone
hrhmitmani,b'Windows 10 Enterprise 2016 LTSB 14393',cb-cloud, ,microsoft-ad,sentinelone
hrhmitprak,b'Windows 10 Enterprise 19045', ,cybercns-sec-vm, ,sentinelone
hrhmitron01,b'Windows 10 Enterprise 19045', ,cybercns-sec-vm,microsoft-ad,sentinelone
hrhmlab3rdflr,b'Windows 10 Enterprise 2016 LTSB 14393', , ,microsoft-ad,sentinelone
hrhmlnd401,b'Windows 10 Enterprise 19044', ,cybercns-sec-vm,microsoft-ad,sentinelone
hrhmlnd402,b'Windows 10 Pro 19044', ,cybercns-sec-vm,microsoft-ad,sentinelone
hrhmloaner05,b'Windows 10 x64',cb-cloud, ,microsoft-ad, 
hrhmnapsi02,b'Windows 10 Pro 19044', ,cybercns-sec-vm,microsoft-ad,sentinelone
hrhmnaspi03,b'Windows 10 Pro 19044', ,cybercns-sec-vm,microsoft-ad,sentinelone
hrhmnursemng301,b'Windows 10 Enterprise 2016 LTSB 14393', ,cybercns-sec-vm,microsoft-ad,sentinelone
hrhmnursery02,b'Windows 10 Enterprise 2016 LTSB 14393', ,cybercns-sec-vm,microsoft-ad,sentinelone
hrhmonemd01,b'Windows 10 x64',cb-cloud, ,microsoft-ad, 
hrhmonemd02,b'Windows 10 x64',cb-cloud, ,microsoft-ad, 
hrhmonemd03,b'Windows 10 x64',cb-cloud, ,microsoft-ad, 
hrhmonemd04,b'Windows 10 x64',cb-cloud, ,microsoft-ad, 
hrhmonemd05,b'Windows 10 x64',cb-cloud, ,microsoft-ad, 
hrhmordir101,b'Windows 11 Pro 22000', , ,microsoft-ad,sentinelone
hrhmormtrmgt101,b'Windows 10 Pro 19044', ,cybercns-sec-vm,microsoft-ad,sentinelone
hrhmoroffice01,b'Windows 10 Pro 19044', ,cybercns-sec-vm,microsoft-ad,sentinelone
hrhmpacu101,b'Windows 10 Enterprise 2016 LTSB 14393', ,cybercns-sec-vm,microsoft-ad,sentinelone
hrhmpacu105,b'Windows 10 Enterprise 2016 LTSB 14393', , , ,sentinelone
hrhmpacu105,b'Windows 10 Enterprise 2016 LTSB', ,cybercns-sec-vm,microsoft-ad, 
hrhmparalegal1,b'Windows 11 Pro 22000', ,cybercns-sec-vm,microsoft-ad,sentinelone
hrhmpeds02,b'Windows 10 x64',cb-cloud, ,microsoft-ad, 
hrhmpharm101,b'Windows 10 x64',cb-cloud, ,microsoft-ad, 
hrhmpostpart402,b'Windows 10 x64',cb-cloud, ,microsoft-ad, 
hrhmpulm302,b'Windows 10 Enterprise 2016 LTSB 14393', ,cybercns-sec-vm,microsoft-ad,sentinelone
hrhmquality202,b'Windows 10 Enterprise 2016 LTSB 14393', , ,microsoft-ad,sentinelone
hrhmraddir1,b'Windows 10 Pro 19045', , ,microsoft-ad,sentinelone
hrhmsds103,b'Windows 10 Enterprise 2016 LTSB 14393', ,cybercns-sec-vm,microsoft-ad,sentinelone
hrhmsds110,b'Windows 10 Enterprise 2016 LTSB 14393', ,cybercns-sec-vm,microsoft-ad,sentinelone
hrhmtele302n,b'Windows 10 Enterprise 2016 LTSB 14393', ,cybercns-sec-vm,microsoft-ad,sentinelone
hrhmtelem301,b'Windows 10 Pro 19044', ,cybercns-sec-vm,microsoft-ad,sentinelone
hrhmtelem302,b'Windows 10 Enterprise 2016 LTSB 14393', , ,microsoft-ad,sentinelone
hrhmtelem304,b'Windows 10 Enterprise 2016 LTSB 14393', ,cybercns-sec-vm,microsoft-ad,sentinelone
hrhmtelem305,b'Windows 10 Pro 19044',cb-cloud, ,microsoft-ad,sentinelone
hrhmtelem310,b'Windows 10 Enterprise 2016 LTSB 14393', ,cybercns-sec-vm,microsoft-ad,sentinelone
hrhmwl01,b'Windows Server 2016 Standard 14393', ,cybercns-sec-vm,microsoft-ad,sentinelone
hrhmx01,b'Windows Server 2016 Standard 14393', ,cybercns-sec-vm,microsoft-ad,sentinelone
hrhnova01,b'Windows Server 2012 R2 Standard 9600', ,cybercns-sec-vm,microsoft-ad,sentinelone
hrhpapercut,b'Windows Server 2016 Standard 14393', ,cybercns-sec-vm,microsoft-ad,sentinelone
hrhpcmf01,b'Windows Server 2016 Standard 14393', ,cybercns-sec-vm,microsoft-ad,sentinelone
hrhproapex,b'Windows Server 2016 Standard 14393', ,cybercns-sec-vm,microsoft-ad,sentinelone
hrhps01,b'Windows Server 2016 Standard 14393', ,cybercns-sec-vm,microsoft-ad,sentinelone
hrhps02,b'Windows Server 2016 Standard 14393', ,cybercns-sec-vm,microsoft-ad,sentinelone
hrhpumsta301,b'Windows 10 Enterprise 2016 LTSB 14393', ,cybercns-sec-vm,microsoft-ad,sentinelone
hrhpyxissm01,b'Windows Server 2012 R2 Standard',cb-cloud, ,microsoft-ad, 
hrhrdsh01,b'Windows Server 2016 Standard', ,cybercns-sec-vm,microsoft-ad, 
hrhrdsh01,b'Windows Server 2016 Standard 14393', , , ,sentinelone
hrhrdsh02,b'Windows Server 2016 Standard 14393', ,cybercns-sec-vm,microsoft-ad,sentinelone
hrhsleep01,b'Windows Server 2016 Standard 14393', ,cybercns-sec-vm,microsoft-ad,sentinelone
hrhsleeprm01,b'Windows 10 Pro 19045', ,cybercns-sec-vm,microsoft-ad,sentinelone
hrhsmrtlinx01,b'Windows Server 2016 Standard 14393', ,cybercns-sec-vm,microsoft-ad,sentinelone
hrhspm01,b'Windows Server 2016 Standard 14393', ,cybercns-sec-vm,microsoft-ad,sentinelone
hrhstatradsvr,b'Windows Server 2012 R2 Standard 9600', ,cybercns-sec-vm,microsoft-ad,sentinelone
hrhtableau01,b'Windows Server 2016 Standard 14393', ,cybercns-sec-vm,microsoft-ad,sentinelone
hrhtelcor01,b'Windows Server 2016 Standard 14393', ,cybercns-sec-vm,microsoft-ad,sentinelone
hrhtest1,b'Windows 10 Enterprise 2016 LTSB 14393', , , ,sentinelone
hrhtest4,b'Windows 10 Enterprise 2016 LTSB 14393', , , ,sentinelone
hrhtest5,b'Windows 10 Enterprise 2016 LTSB 14393', , , ,sentinelone
hrhulinq01,b'Windows Server 2016 Standard 14393',cb-cloud, ,microsoft-ad,sentinelone
hrhvdi-it-01,b'Windows 10 Enterprise 2016 LTSB 14393', , , ,sentinelone
hrhvdi-it-02,b'Windows 10 Enterprise 2016 LTSB 14393', , , ,sentinelone
hrhvdi-it-03,b'Windows 10 Enterprise 2016 LTSB 14393', , , ,sentinelone
hrhvdi-it-04,b'Windows 10 Enterprise 2016 LTSB 14393', , , ,sentinelone
hrhvdi-it-05,b'Windows 10 Enterprise 2016 LTSB 14393', , , ,sentinelone
hrhvdi-it-06,b'Windows 10 Enterprise 2016 LTSB 14393', , , ,sentinelone
hrhvdi-it-07,b'Windows 10 Enterprise 2016 LTSB 14393', , , ,sentinelone
hrhvdi-it-08,b'Windows 10 Enterprise 2016 LTSB 14393', , , ,sentinelone
hrhvdi-it-09,b'Windows 10 Enterprise 2016 LTSB 14393', , , ,sentinelone
hrhvdi-it-10,b'Windows 10 Enterprise 2016 LTSB 14393', , , ,sentinelone
hrhvdi1-01,b'Windows 10 Enterprise 2016 LTSB 14393', , , ,sentinelone
hrhvdi1-01,b'Windows 10 Enterprise 2016 LTSB 14393', , , ,sentinelone
hrhvdi1-02,b'Windows 10 Enterprise 2016 LTSB 14393', , , ,sentinelone
hrhvdi1-03,b'Windows 10 Enterprise 2016 LTSB 14393', , , ,sentinelone
hrhvdi1-04,b'Windows 10 Enterprise 2016 LTSB 14393', , , ,sentinelone
hrhvdi1-05,b'Windows 10 Enterprise 2016 LTSB 14393', , , ,sentinelone
hrhvdi1-06,b'Windows 10 Enterprise 2016 LTSB 14393', , , ,sentinelone
hrhvdi1-07,b'Windows 10 Enterprise 2016 LTSB 14393', , , ,sentinelone
hrhvdi1-08,b'Windows 10 Enterprise 2016 LTSB 14393', , , ,sentinelone
hrhvdi1-09,b'Windows 10 Enterprise 2016 LTSB 14393', , , ,sentinelone
hrhvdi1-10,b'Windows 10 Enterprise 2016 LTSB 14393', , , ,sentinelone
hrhvdi1-11,b'Windows 10 Enterprise 2016 LTSB 14393', , , ,sentinelone
hrhvdi1-12,b'Windows 10 Enterprise 2016 LTSB 14393', , , ,sentinelone
hrhvdi1-13,b'Windows 10 Enterprise 2016 LTSB 14393', , , ,sentinelone
hrhvdi1-14,b'Windows 10 Enterprise 2016 LTSB 14393', , , ,sentinelone
hrhvdi1-14,b'Windows 10 Enterprise 2016 LTSB 14393', , , ,sentinelone
hrhvdi1-14,b'Windows 10 Enterprise 2016 LTSB 14393', , , ,sentinelone
hrhvdi1-15,b'Windows 10 Enterprise 2016 LTSB 14393', , , ,sentinelone
hrhvdi1-16,b'Windows 10 Enterprise 2016 LTSB 14393', , , ,sentinelone
hrhvdi1-17,b'Windows 10 Enterprise 2016 LTSB 14393', , , ,sentinelone
hrhvdi1-18,b'Windows 10 Enterprise 2016 LTSB 14393', , , ,sentinelone
hrhvdi1-19,b'Windows 10 Enterprise 2016 LTSB 14393', , , ,sentinelone
hrhvdi1-20,b'Windows 10 Enterprise 2016 LTSB 14393', , , ,sentinelone
hrhvdi1-21,b'Windows 10 Enterprise 2016 LTSB 14393', , , ,sentinelone
hrhvdi1-22,b'Windows 10 Enterprise 2016 LTSB 14393', , , ,sentinelone
hrhvdi1-23,b'Windows 10 Enterprise 2016 LTSB 14393', , , ,sentinelone
hrhvdi1-24,b'Windows 10 Enterprise 2016 LTSB 14393', , , ,sentinelone
hrhvdi1-25,b'Windows 10 Enterprise 2016 LTSB 14393', , , ,sentinelone
hrhvdi1-26,b'Windows 10 Enterprise 2016 LTSB 14393', , , ,sentinelone
hrhvdi1-27,b'Windows 10 Enterprise 2016 LTSB 14393', , , ,sentinelone
hrhvdi1-28,b'Windows 10 Enterprise 2016 LTSB 14393', , , ,sentinelone
hrhvdi1-29,b'Windows 10 Enterprise 2016 LTSB 14393', , , ,sentinelone
hrhvdi1-30,b'Windows 10 Enterprise 2016 LTSB 14393', , , ,sentinelone
hrhvdi2-01,b'Windows 10 Enterprise 2016 LTSB 14393', , , ,sentinelone
hrhvdi2-01,b'Windows 10 Enterprise 2016 LTSB 14393', , , ,sentinelone
hrhvdi2-02,b'Windows 10 Enterprise 2016 LTSB 14393', , , ,sentinelone
hrhvdi2-03,b'Windows 10 Enterprise 2016 LTSB 14393', , , ,sentinelone
hrhvdi2-04,b'Windows 10 Enterprise 2016 LTSB 14393', , , ,sentinelone
hrhvdi2-04,b'Windows 10 Enterprise 2016 LTSB 14393', , , ,sentinelone
hrhvdi2-05,b'Windows 10 Enterprise 2016 LTSB 14393', , , ,sentinelone
hrhvdi2-06,b'Windows 10 Enterprise 2016 LTSB 14393', , , ,sentinelone
hrhvdi2-07,b'Windows 10 Enterprise 2016 LTSB 14393', , , ,sentinelone
hrhvdi2-08,b'Windows 10 Enterprise 2016 LTSB 14393', , , ,sentinelone
hrhvdi2-09,b'Windows 10 Enterprise 2016 LTSB 14393', ,cybercns-sec-vm, ,sentinelone
hrhvdi2-10,b'Windows 10 Enterprise 2016 LTSB 14393', ,cybercns-sec-vm, ,sentinelone
hrhvdi2-11,b'Windows 10 Enterprise 2016 LTSB 14393', , , ,sentinelone
hrhvdi2-11,b'Windows 10 Enterprise 2016 LTSB 14393', , , ,sentinelone
hrhvdi2-12,b'Windows 10 Enterprise 2016 LTSB 14393', , , ,sentinelone
hrhvdi2-12,b'Windows 10 Enterprise 2016 LTSB 14393', , , ,sentinelone
hrhvdi2-13,b'Windows 10 Enterprise 2016 LTSB 14393', , , ,sentinelone
hrhvdi2-14,b'Windows 10 Enterprise 2016 LTSB 14393', , , ,sentinelone
hrhvdi2-15,b'Windows 10 Enterprise 2016 LTSB 14393', , , ,sentinelone
hrhvdi2-16,b'Windows 10 Enterprise 2016 LTSB 14393', , , ,sentinelone
hrhvdi2-17,b'Windows 10 Enterprise 2016 LTSB 14393', , , ,sentinelone
hrhvdi2-17,b'Windows 10 Enterprise 2016 LTSB 14393', , , ,sentinelone
hrhvdi2-18,b'Windows 10 Enterprise 2016 LTSB 14393', , , ,sentinelone
hrhvdi2-19,b'Windows 10 Enterprise 2016 LTSB 14393', , , ,sentinelone
hrhvdi2-20,b'Windows 10 Enterprise 2016 LTSB 14393', , , ,sentinelone
hrhvdi2-20,b'Windows 10 Enterprise 2016 LTSB 14393', , , ,sentinelone
hrhvdi2-21,b'Windows 10 Enterprise 2016 LTSB 14393', , , ,sentinelone
hrhvdi2-22,b'Windows 10 Enterprise 2016 LTSB 14393', , , ,sentinelone
hrhvdi2-23,b'Windows 10 Enterprise 2016 LTSB 14393', , , ,sentinelone
hrhvdi2-24,b'Windows 10 Enterprise 2016 LTSB 14393', , , ,sentinelone
hrhvdi2-25,b'Windows 10 Enterprise 2016 LTSB 14393', , , ,sentinelone
hrhvdi2-26,b'Windows 10 Enterprise 2016 LTSB 14393', , , ,sentinelone
hrhvdi2-27,b'Windows 10 Enterprise 2016 LTSB 14393', , , ,sentinelone
hrhvdi2-27,b'Windows 10 Enterprise 2016 LTSB 14393', , , ,sentinelone
hrhvdi2-28,b'Windows 10 Enterprise 2016 LTSB 14393', , , ,sentinelone
hrhvdi2-29,b'Windows 10 Enterprise 2016 LTSB 14393', , , ,sentinelone
hrhvdi2-30,b'Windows 10 Enterprise 2016 LTSB 14393', , , ,sentinelone
hrhvdi2-31,b'Windows 10 Enterprise 2016 LTSB 14393', , , ,sentinelone
hrhvdi2-32,b'Windows 10 Enterprise 2016 LTSB 14393', , , ,sentinelone
hrhvdi2-33,b'Windows 10 Enterprise 2016 LTSB 14393', , , ,sentinelone
hrhvdi2-34,b'Windows 10 Enterprise 2016 LTSB 14393', , , ,sentinelone
hrhvdi2-35,b'Windows 10 Enterprise 2016 LTSB 14393', , , ,sentinelone
hrhvdi2-36,b'Windows 10 Enterprise 2016 LTSB 14393', , , ,sentinelone
hrhvdi2-37,b'Windows 10 Enterprise 2016 LTSB 14393', , , ,sentinelone
hrhvdi2-38,b'Windows 10 Enterprise 2016 LTSB 14393', , , ,sentinelone
hrhvdi2-39,b'Windows 10 Enterprise 2016 LTSB 14393', , , ,sentinelone
hrhvdi2-40,b'Windows 10 Enterprise 2016 LTSB 14393', , , ,sentinelone
hrhvdi2-40,b'Windows 10 Enterprise 2016 LTSB 14393', , , ,sentinelone
hrhw171qyr1,b'Windows 10 Enterprise 2016 LTSB 14393', ,cybercns-sec-vm,microsoft-ad,sentinelone
hrhw3c301,b'Windows 10 Enterprise 2016 LTSB 14393', ,cybercns-sec-vm,microsoft-ad,sentinelone
hrhw3center301,b'Windows 10 Enterprise 2016 LTSB 14393', ,cybercns-sec-vm,microsoft-ad,sentinelone
hrhw3east301,b'Windows 10 Enterprise 2016 LTSB 14393', ,cybercns-sec-vm,microsoft-ad,sentinelone
hrhw3w303,b'Windows 10 Enterprise 2016 LTSB 14393', , ,microsoft-ad,sentinelone
hrhw3w304,b'Windows 10 Enterprise 2016 LTSB 14393', ,cybercns-sec-vm,microsoft-ad,sentinelone
hrhw3w305,b'Windows 10 Enterprise 2016 LTSB 14393', ,cybercns-sec-vm,microsoft-ad,sentinelone
hrhw3w306,b'Windows 10 Enterprise 2016 LTSB 14393', ,cybercns-sec-vm,microsoft-ad,sentinelone
hrhw3wdowntime,b'Windows 10 Enterprise 2016 LTSB 14393', ,cybercns-sec-vm,microsoft-ad,sentinelone
hrhw4yqss13,b'Windows 10 Enterprise 2016 LTSB 14393',cb-cloud,cybercns-sec-vm,microsoft-ad,sentinelone
hrhw4yqvs13,b'Windows 10 Enterprise 2016 LTSB 14393',cb-cloud,cybercns-sec-vm,microsoft-ad,sentinelone
hrhw4yyxs13,b'Windows 10 Enterprise 2016 LTSB 14393',cb-cloud,cybercns-sec-vm,microsoft-ad,sentinelone
hrhw5njg7x2,b'Windows 10 Enterprise 2016 LTSB 14393', ,cybercns-sec-vm,microsoft-ad,sentinelone
hrhw983p3w2,b'Windows 10 Enterprise 2016 LTSB 14393', ,cybercns-sec-vm,microsoft-ad,sentinelone
hrhwabg301,b'Windows 10 Enterprise 2016 LTSB 14393', ,cybercns-sec-vm,microsoft-ad,sentinelone
hrhwaccpay1,b'Windows 10 Enterprise 2016 LTSB 14393', ,cybercns-sec-vm,microsoft-ad,sentinelone
hrhwacupunc1,b'Windows 10 Pro 19044', ,cybercns-sec-vm,microsoft-ad,sentinelone
hrhwadminsec202,b'Windows 10 Enterprise 2016 LTSB 14393', ,cybercns-sec-vm,microsoft-ad,sentinelone
hrhwanesdr01,b'Windows 10 Pro 19044', ,cybercns-sec-vm,microsoft-ad,sentinelone
hrhwattorney201,b'Windows 10 Enterprise 2016 LTSB 14393', ,cybercns-sec-vm,microsoft-ad,sentinelone
hrhwavp201,b'Windows 10 Pro 19044', ,cybercns-sec-vm,microsoft-ad,sentinelone
hrhwbill201,b'Windows 10 Pro 19045', ,cybercns-sec-vm,microsoft-ad,sentinelone
hrhwbill202,b'Windows 10 Enterprise 19044', ,cybercns-sec-vm,microsoft-ad,sentinelone
hrhwbill203,b'Windows 10 Pro 19044', ,cybercns-sec-vm,microsoft-ad,sentinelone
hrhwbill204,b'Windows 10 Enterprise 2016 LTSB 14393', ,cybercns-sec-vm,microsoft-ad,sentinelone
hrhwbill205,b'Windows 10 Enterprise 19045', ,cybercns-sec-vm,microsoft-ad,sentinelone
hrhwbill206,b'Windows 10 Enterprise 2016 LTSB 14393', ,cybercns-sec-vm,microsoft-ad,sentinelone
hrhwbill207,b'Windows 10 Enterprise 2016 LTSB 14393', ,cybercns-sec-vm,microsoft-ad,sentinelone
hrhwbill209,b'Windows 10 Enterprise 2016 LTSB 14393', ,cybercns-sec-vm,microsoft-ad,sentinelone
hrhwbill210,b'Windows 10 x64',cb-cloud, ,microsoft-ad, 
hrhwbill211,b'Windows 10 x64',cb-cloud, ,microsoft-ad, 
hrhwbill213,b'Windows 10 Enterprise 2016 LTSB 14393', ,cybercns-sec-vm,microsoft-ad,sentinelone
hrhwbill215,b'Windows 10 Enterprise 2016 LTSB 14393', ,cybercns-sec-vm,microsoft-ad,sentinelone
hrhwbill216,b'Windows 10 Enterprise 2016 LTSB 14393', ,cybercns-sec-vm,microsoft-ad,sentinelone
hrhwbill219,b'Windows 10 Enterprise 2016 LTSB 14393', ,cybercns-sec-vm,microsoft-ad,sentinelone
hrhwbill220,b'Windows 10 Enterprise 2016 LTSB 14393', ,cybercns-sec-vm,microsoft-ad,sentinelone
hrhwbill221,b'Windows 10 x64',cb-cloud, ,microsoft-ad, 
hrhwbill222,b'Windows 10 Pro 19044', ,cybercns-sec-vm,microsoft-ad,sentinelone
hrhwbill223,b'Windows 10 Pro 19044', ,cybercns-sec-vm,microsoft-ad,sentinelone
hrhwbill224,b'Windows 10 Pro 19044', ,cybercns-sec-vm,microsoft-ad,sentinelone
hrhwbill225,b'Windows 11 Pro 22000', ,cybercns-sec-vm,microsoft-ad,sentinelone
hrhwbill226,b'Windows 10 x64',cb-cloud, ,microsoft-ad, 
hrhwbill229,b'Windows 10 Pro 19044', ,cybercns-sec-vm,microsoft-ad,sentinelone
hrhwblood101,b'Windows 10 Enterprise 2016 LTSB 14393', ,cybercns-sec-vm,microsoft-ad,sentinelone
hrhwblood102,b'Windows 10 Enterprise 2016 LTSB 14393', ,cybercns-sec-vm,microsoft-ad,sentinelone
hrhwbm01,b'Windows 10 x64',cb-cloud, ,microsoft-ad, 
hrhwbm02,b'Windows 10 x64',cb-cloud, ,microsoft-ad, 
hrhwbusdev401,b'Windows 10 x64',cb-cloud, ,microsoft-ad, 
hrhwbusdev403,b'Windows 10 x64',cb-cloud, ,microsoft-ad, 
hrhwbusdevdir,b'Windows 10 x64',cb-cloud, ,microsoft-ad, 
hrhwcasemgt401,b'Windows 10 Enterprise 2016 LTSB 14393', ,cybercns-sec-vm,microsoft-ad,sentinelone
hrhwcasemgt402,b'Windows 10 Enterprise 2016 LTSB 14393', ,cybercns-sec-vm,microsoft-ad,sentinelone
hrhwcasemgt403,b'Windows 10 Enterprise 2016 LTSB 14393', ,cybercns-sec-vm,microsoft-ad,sentinelone
hrhwcasemgt404,b'Windows 10 Enterprise 2016 LTSB 14393', ,cybercns-sec-vm,microsoft-ad,sentinelone
hrhwcasemgt406,b'Windows 10 Enterprise 2016 LTSB 14393',cb-cloud, ,microsoft-ad,sentinelone
hrhwcasemgt407,b'Windows 10 Pro 19044', ,cybercns-sec-vm,microsoft-ad,sentinelone
hrhwcasemgtdir,b'Windows 10 Pro 19044', ,cybercns-sec-vm,microsoft-ad,sentinelone
hrhwcathlabdir,b'Windows 10 x64',cb-cloud, ,microsoft-ad, 
hrhwcatscan101,b'Windows 10 Enterprise 2016 LTSB 14393', ,cybercns-sec-vm,microsoft-ad,sentinelone
hrhwcentsch02,b'Windows 10 x64',cb-cloud, ,microsoft-ad, 
hrhwcharityc01,b'Windows 10 Enterprise 2016 LTSB 14393', ,cybercns-sec-vm,microsoft-ad,sentinelone
hrhwchiro201,b'Windows 10 Enterprise 2016 LTSB 14393', ,cybercns-sec-vm,microsoft-ad,sentinelone
hrhwchiro202,b'Windows 10 Enterprise 2016 LTSB 14393', ,cybercns-sec-vm,microsoft-ad,sentinelone
hrhwchiro203,b'Windows 10 Enterprise 2016 LTSB 14393', ,cybercns-sec-vm,microsoft-ad,sentinelone
hrhwchiro204,b'Windows 10 Enterprise 2016 LTSB 14393', ,cybercns-sec-vm,microsoft-ad,sentinelone
hrhwcoder201,b'Windows 10 x64',cb-cloud, ,microsoft-ad, 
hrhwctrlstrl101,b'Windows 10 Enterprise 2016 LTSB 14393', ,cybercns-sec-vm,microsoft-ad,sentinelone
hrhwctrlstrl102,b'Windows 10 Enterprise 2016 LTSB 14393', ,cybercns-sec-vm,microsoft-ad,sentinelone
hrhwctrlstrl103,b'Windows 10 Enterprise 2016 LTSB 14393', ,cybercns-sec-vm,microsoft-ad,sentinelone
hrhwctrlstrl105,b'Windows 10 Enterprise 2016 LTSB 14393', ,cybercns-sec-vm,microsoft-ad,sentinelone
hrhwctrlstrl106,b'Windows 10 Enterprise 2016 LTSB 14393', ,cybercns-sec-vm,microsoft-ad,sentinelone
hrhwctrlstrl107,b'Windows 10 Enterprise 2016 LTSB 14393', ,cybercns-sec-vm,microsoft-ad,sentinelone
hrhwctrlstrlmng,b'Windows 10 Enterprise 2016 LTSB 14393', ,cybercns-sec-vm,microsoft-ad,sentinelone
hrhwcussrv201,b'Windows 10 Enterprise 2016 LTSB 14393', , ,microsoft-ad,sentinelone
hrhwcussrv202,b'Windows 10 Enterprise 2016 LTSB 14393', ,cybercns-sec-vm,microsoft-ad,sentinelone
hrhwcussrv203,b'Windows 10 Pro 19044', ,cybercns-sec-vm,microsoft-ad,sentinelone
hrhwd911-01,b'Windows 7 Professional  7601 SP1', , ,microsoft-ad,sentinelone
hrhwd911-03,b'Windows 10 Pro 19044', ,cybercns-sec-vm,microsoft-ad,sentinelone
hrhwdiet401,b'Windows 10 Enterprise 2016 LTSB 14393', ,cybercns-sec-vm,microsoft-ad,sentinelone
hrhwdrsuite1,b'Windows 11 Pro 22621', ,cybercns-sec-vm,microsoft-ad,sentinelone
hrhwdrsuite4,b'Windows 10 Pro 19044', ,cybercns-sec-vm,microsoft-ad,sentinelone
hrhwdrsuite9,b'Windows 10 Enterprise 2016 LTSB 14393', , ,microsoft-ad,sentinelone
hrhweducation,b'Windows 10 x64',cb-cloud, ,microsoft-ad, 
hrhweeg301,b'Windows 10 Enterprise 2016 LTSB 14393', ,cybercns-sec-vm,microsoft-ad,sentinelone
hrhwemc001,b'Windows 10 Enterprise 2016 LTSB 14393', ,cybercns-sec-vm,microsoft-ad,sentinelone
hrhwemphlth302,b'Windows 10 Pro 19044', ,cybercns-sec-vm,microsoft-ad,sentinelone
hrhwemphlth303,b'Windows 10 Pro 19044', ,cybercns-sec-vm,microsoft-ad,sentinelone
hrhwemphlth306,b'Windows 10 Enterprise 2016 LTSB 14393', ,cybercns-sec-vm,microsoft-ad,sentinelone
hrhwems101,b'Windows 10 x64',cb-cloud, ,microsoft-ad, 
hrhwemschief,b'Windows 10 Enterprise 2016 LTSB 14393', ,cybercns-sec-vm,microsoft-ad,sentinelone
hrhwendo101,b'Windows 10 Enterprise 19045', ,cybercns-sec-vm,microsoft-ad,sentinelone
hrhwendoprov1,b'Windows 10 Enterprise 2016 LTSB 14393', ,cybercns-sec-vm,microsoft-ad,sentinelone
hrhwendoprov3,b'Windows 10 Enterprise 2016 LTSB 14393', ,cybercns-sec-vm,microsoft-ad,sentinelone
hrhwer110,b'Windows 10 Enterprise 2016 LTSB 14393', ,cybercns-sec-vm,microsoft-ad,sentinelone
hrhwercamera,b'Windows 10 Enterprise 2016 LTSB 14393', ,cybercns-sec-vm,microsoft-ad,sentinelone
hrhwerdashboard,b'Windows 10 Enterprise 2016 LTSB 14393', ,cybercns-sec-vm,microsoft-ad,sentinelone
hrhwerdir101,b'Windows 10 Enterprise 2016 LTSB 14393', ,cybercns-sec-vm,microsoft-ad,sentinelone
hrhwerdoc01,b'Windows 10 Enterprise 2016 LTSB 14393', ,cybercns-sec-vm,microsoft-ad,sentinelone
hrhwerreg101,b'Windows 10 Enterprise 2016 LTSB 14393', ,cybercns-sec-vm,microsoft-ad,sentinelone
hrhwesc02,b'Windows 10 x64',cb-cloud, , , 
hrhwesc03,b'Windows 10 x64',cb-cloud, , , 
hrhwfac201,b'Windows 10 x64',cb-cloud, ,microsoft-ad, 
hrhwfinance202,b'Windows 10 Pro 19044', ,cybercns-sec-vm,microsoft-ad,sentinelone
hrhwfinance203,b'Windows 10 x64',cb-cloud, ,microsoft-ad, 
hrhwfinance204,b'Windows 10 Enterprise 19045', ,cybercns-sec-vm,microsoft-ad,sentinelone
hrhwfinance206,b'Windows 10 Enterprise 2016 LTSB 14393', ,cybercns-sec-vm,microsoft-ad,sentinelone
hrhwfinancedir,b'Windows 10 Enterprise 2016 LTSB 14393', ,cybercns-sec-vm,microsoft-ad,sentinelone
hrhwgme,b'Windows 10 Enterprise 2016 LTSB 14393', ,cybercns-sec-vm,microsoft-ad,sentinelone
hrhwhousemd,b'Windows 10 Pro 19044', ,cybercns-sec-vm,microsoft-ad,sentinelone
hrhwhr102,b'Windows 10 Enterprise 2016 LTSB 14393', ,cybercns-sec-vm,microsoft-ad,sentinelone
hrhwhr201,b'Windows 10 Enterprise 2016 LTSB 14393', ,cybercns-sec-vm,microsoft-ad,sentinelone
hrhwhr202,b'Windows 10 Pro 19044', ,cybercns-sec-vm,microsoft-ad,sentinelone
hrhwhr203,b'Windows 10 Enterprise 2016 LTSB 14393', ,cybercns-sec-vm,microsoft-ad,sentinelone
hrhwhrsec201,b'Windows 10 Enterprise 2016 LTSB 14393', ,cybercns-sec-vm,microsoft-ad,sentinelone
hrhwhrsec202,b'Windows 10 Enterprise 2016 LTSB 14393', ,cybercns-sec-vm,microsoft-ad,sentinelone
hrhwicu301,b'Windows 10 Enterprise 2016 LTSB 14393', ,cybercns-sec-vm,microsoft-ad,sentinelone
hrhwicu302,b'Windows 10 Enterprise 2016 LTSB 14393', ,cybercns-sec-vm,microsoft-ad,sentinelone
hrhwicu304,b'Windows 10 Enterprise 19044', ,cybercns-sec-vm,microsoft-ad,sentinelone
hrhwinfect01,b'Windows 10 Enterprise 2016 LTSB 14393', ,cybercns-sec-vm,microsoft-ad,sentinelone
hrhwit202,b'Windows 10 Enterprise', ,cybercns-sec-vm,microsoft-ad, 
hrhwit202,b'Windows 10 Enterprise 19045', , , ,sentinelone
hrhwitdir201,b'Windows 10 Enterprise 2016 LTSB 14393', ,cybercns-sec-vm,microsoft-ad,sentinelone
hrhwitintern01,b'Windows 10 Enterprise 19045', ,cybercns-sec-vm,microsoft-ad,sentinelone
hrhwitjs,b'Windows 10 Enterprise 19045', ,cybercns-sec-vm,microsoft-ad,sentinelone
hrhwittraining3,b'Windows 10 Pro 19044', ,cybercns-sec-vm,microsoft-ad,sentinelone
hrhwittraining4,b'Windows 10 Pro 19044', ,cybercns-sec-vm,microsoft-ad,sentinelone
hrhwkitchen101,b'Windows 10 Enterprise 2016 LTSB 14393', ,cybercns-sec-vm,microsoft-ad,sentinelone
hrhwkitchen102,b'Windows 10 Enterprise 2016 LTSB 14393', ,cybercns-sec-vm,microsoft-ad,sentinelone
hrhwkitchen103,b'Windows 10 Enterprise 2016 LTSB 14393', ,cybercns-sec-vm,microsoft-ad,sentinelone
hrhwkitchen104,b'Windows 10 Enterprise 2016 LTSB 14393', ,cybercns-sec-vm,microsoft-ad,sentinelone
hrhwlab102,b'Windows 10 Enterprise 2016 LTSB 14393', ,cybercns-sec-vm,microsoft-ad,sentinelone
hrhwlab103,b'Windows 10 Enterprise 2016 LTSB 14393', ,cybercns-sec-vm,microsoft-ad,sentinelone
hrhwlab104,b'Windows 10 Enterprise 2016 LTSB 14393', ,cybercns-sec-vm,microsoft-ad,sentinelone
hrhwlab106,b'Windows 10 Enterprise 2016 LTSB 14393', ,cybercns-sec-vm,microsoft-ad,sentinelone
hrhwlab109,b'Windows 10 Enterprise 2016 LTSB 14393', ,cybercns-sec-vm,microsoft-ad,sentinelone
hrhwlab110,b'Windows 10 Enterprise 2016 LTSB 14393', ,cybercns-sec-vm,microsoft-ad,sentinelone
hrhwlab111,b'Windows 10 Enterprise 2016 LTSB 14393', ,cybercns-sec-vm,microsoft-ad,sentinelone
hrhwlab112,b'Windows 10 Enterprise 2016 LTSB 14393', ,cybercns-sec-vm,microsoft-ad,sentinelone
hrhwlabchem101,b'Windows 10 x64',cb-cloud, ,microsoft-ad, 
hrhwlabdir101,b'Windows 10 Enterprise 2016 LTSB 14393', ,cybercns-sec-vm,microsoft-ad,sentinelone
hrhwlabpath102,b'Windows 10 Enterprise 19044', ,cybercns-sec-vm,microsoft-ad,sentinelone
hrhwlabsup03,b'Windows 10 Enterprise 2016 LTSB 14393', , ,microsoft-ad,sentinelone
hrhwlabsup102,b'Windows 10 Enterprise 2016 LTSB 14393', ,cybercns-sec-vm,microsoft-ad,sentinelone
hrhwlnd401,b'Windows 10 Enterprise 2016 LTSB 14393', ,cybercns-sec-vm,microsoft-ad,sentinelone
hrhwlnd403,b'Windows 10 Enterprise 2016 LTSB 14393', ,cybercns-sec-vm,microsoft-ad,sentinelone
hrhwlnd405,b'Windows 10 Enterprise 2016 LTSB 14393', ,cybercns-sec-vm,microsoft-ad,sentinelone
hrhwlndrm1,b'Windows 7 x86 SP: 1',cb-cloud, ,microsoft-ad, 
hrhwlndrm2,b'Windows 7 x86 SP: 1',cb-cloud, ,microsoft-ad, 
hrhwlobby2,b'Windows 10 Enterprise 2016 LTSB 14393', ,cybercns-sec-vm,microsoft-ad,sentinelone
hrhwlobbyreg101,b'Microsoft Windows 10 Enterprise 2016 LTSB', ,cybercns-sec-vm, , 
hrhwlobbyreg101,b'Windows 10 Enterprise 2016 LTSB 14393', , ,microsoft-ad,sentinelone
hrhwlobbyreg102,b'Windows 10 Enterprise 2016 LTSB 14393', ,cybercns-sec-vm,microsoft-ad,sentinelone
hrhwmaintdir,b'Windows 10 Enterprise 2016 LTSB 14393', ,cybercns-sec-vm,microsoft-ad,sentinelone
hrhwmatch001,b'Windows 10 Enterprise 2016 LTSB 14393', ,cybercns-sec-vm,microsoft-ad,sentinelone
hrhwmdlounge1,b'Windows 10 Enterprise 2016 LTSB 14393', ,cybercns-sec-vm,microsoft-ad,sentinelone
hrhwmdlounge2,b'Windows 10 Enterprise 2016 LTSB 14393', ,cybercns-sec-vm,microsoft-ad,sentinelone
hrhwmedoffice01,b'Windows 10 Pro 19044', ,cybercns-sec-vm,microsoft-ad,sentinelone
hrhwmedoffice02,b'Windows 10 Pro 19044', ,cybercns-sec-vm,microsoft-ad,sentinelone
hrhwmedoffice03,b'Windows 10 Pro 19044', ,cybercns-sec-vm,microsoft-ad,sentinelone
hrhwmedoffice04,b'Windows 10 Pro 19044', ,cybercns-sec-vm,microsoft-ad,sentinelone
hrhwmedoffice05,b'Windows 10 Pro 19044', ,cybercns-sec-vm,microsoft-ad,sentinelone
hrhwmedoffice06,b'Windows 10 Pro 19044', ,cybercns-sec-vm,microsoft-ad,sentinelone
hrhwmedrec06,b'Windows 10 Enterprise 2016 LTSB 14393', ,cybercns-sec-vm,microsoft-ad,sentinelone
hrhwmedrec202,b'Windows 10 Pro 19044', ,cybercns-sec-vm,microsoft-ad,sentinelone
hrhwmedrec203,b'Windows 10 Enterprise 2016 LTSB 14393', ,cybercns-sec-vm,microsoft-ad,sentinelone
hrhwmedrec204,b'Windows 10 Enterprise 2016 LTSB 14393', ,cybercns-sec-vm,microsoft-ad,sentinelone
hrhwmedrec205,b'Windows 10 Enterprise 2016 LTSB 14393', ,cybercns-sec-vm,microsoft-ad,sentinelone
hrhwmedrec206,b'Windows 10 Enterprise 2016 LTSB 14393', ,cybercns-sec-vm,microsoft-ad,sentinelone
hrhwmedrec211,b'Windows 10 Enterprise 2016 LTSB 14393', ,cybercns-sec-vm,microsoft-ad,sentinelone
hrhwmedrecdir,b'Windows 10 Pro 19045', ,cybercns-sec-vm,microsoft-ad,sentinelone
hrhwmedrecdoc,b'Windows 10 Pro 19044', ,cybercns-sec-vm,microsoft-ad,sentinelone
hrhwmedstaf203,b'Windows 10 Enterprise 2016 LTSB 14393', ,cybercns-sec-vm,microsoft-ad,sentinelone
hrhwmicro001,b'Windows 10 Enterprise 2016 LTSB 14393', ,cybercns-sec-vm,microsoft-ad,sentinelone
hrhwmri101,b'Windows 10 Enterprise 2016 LTSB 14393', ,cybercns-sec-vm,microsoft-ad,sentinelone
hrhwnaspi02,b'Windows 10 Enterprise 2016 LTSB 14393', ,cybercns-sec-vm,microsoft-ad,sentinelone
hrhwnaspi04,b'Windows 10 Enterprise 2016 LTSB 14393', ,cybercns-sec-vm,microsoft-ad,sentinelone
hrhwnaspi05,b'Windows 10 Enterprise 2016 LTSB 14393', ,cybercns-sec-vm,microsoft-ad,sentinelone
hrhwnaspi06,b'Windows 10 Enterprise 2016 LTSB 14393', ,cybercns-sec-vm,microsoft-ad,sentinelone
hrhwnaspi08,b'Windows 10 Enterprise 2016 LTSB 14393', ,cybercns-sec-vm,microsoft-ad,sentinelone
hrhwnaspi09,b'Windows 10 Enterprise 2016 LTSB 14393', ,cybercns-sec-vm,microsoft-ad,sentinelone
hrhwnaspi10,b'Windows 10 Enterprise 2016 LTSB 14393', ,cybercns-sec-vm,microsoft-ad,sentinelone
hrhwnaspi11,b'Windows 10 Enterprise 2016 LTSB 14393', ,cybercns-sec-vm,microsoft-ad,sentinelone
hrhwnaspi12,b'Windows 11 Pro 22000', ,cybercns-sec-vm,microsoft-ad,sentinelone
hrhwnaspi13,b'Windows 10 Pro 19045', ,cybercns-sec-vm,microsoft-ad,sentinelone
hrhwnaspi14,b'Windows 10 Enterprise 2016 LTSB 14393', ,cybercns-sec-vm,microsoft-ad,sentinelone
hrhwnaspi15,b'Windows 10 Pro 19044', ,cybercns-sec-vm,microsoft-ad,sentinelone
hrhwnaspi18,b'Windows 10 Pro 19045', ,cybercns-sec-vm,microsoft-ad,sentinelone
hrhwnaspi19,b'Windows 10 Pro 19044', ,cybercns-sec-vm,microsoft-ad,sentinelone
hrhwnaspi20,b'Windows 10 Pro 19045', ,cybercns-sec-vm,microsoft-ad,sentinelone
hrhwnmaspi04,b'Windows 10 Pro 19044', ,cybercns-sec-vm,microsoft-ad,sentinelone
hrhwnucmed01,b'Windows 10 Enterprise 2016 LTSB 14393', ,cybercns-sec-vm,microsoft-ad,sentinelone
hrhwnursery401,b'Windows 10 Enterprise 2016 LTSB 14393', ,cybercns-sec-vm,microsoft-ad,sentinelone
hrhwoncallpeds,b'Windows 10 Pro 19044', , ,microsoft-ad,sentinelone
hrhwopc301,b'Windows 10 Enterprise 2016 LTSB 14393', ,cybercns-sec-vm,microsoft-ad,sentinelone
hrhwor1wall,b'Windows 10 x64',cb-cloud, ,microsoft-ad, 
hrhwor2wall,b'Windows 10 x64',cb-cloud, ,microsoft-ad, 
hrhwor6wall,b'Windows 10 x64',cb-cloud, ,microsoft-ad, 
hrhwor7wall,b'Windows 10 x64',cb-cloud, ,microsoft-ad, 
hrhwor9wall,b'Windows 10 x64',cb-cloud, ,microsoft-ad, 
hrhworcdr01,b'Windows 10 Pro 19044', ,cybercns-sec-vm,microsoft-ad,sentinelone
hrhwordir01,b'Windows 10 Enterprise 2016 LTSB 14393', ,cybercns-sec-vm,microsoft-ad,sentinelone
hrhwordrlounge1,b'Windows 10 Enterprise 2016 LTSB 14393', ,cybercns-sec-vm,microsoft-ad,sentinelone
hrhwordrlounge2,b'Windows 10 Enterprise 2016 LTSB 14393', ,cybercns-sec-vm,microsoft-ad,sentinelone
hrhworhold103,b'Windows 10 Enterprise 2016 LTSB 14393', ,cybercns-sec-vm,microsoft-ad,sentinelone
hrhworhold104,b'Windows 10 Enterprise 2016 LTSB 14393', ,cybercns-sec-vm,microsoft-ad,sentinelone
hrhwormng101,b'Windows 10 Pro 19044', ,cybercns-sec-vm,microsoft-ad,sentinelone
hrhworoffice01,b'Windows 10 Enterprise 2016 LTSB 14393', ,cybercns-sec-vm,microsoft-ad,sentinelone
hrhworrm1,b'Windows 10 Enterprise 2016 LTSB 14393', ,cybercns-sec-vm,microsoft-ad,sentinelone
hrhworsched201,b'Windows 10 Enterprise 19045', ,cybercns-sec-vm,microsoft-ad,sentinelone
hrhworsched202,b'Windows 10 Enterprise 2016 LTSB 14393', ,cybercns-sec-vm,microsoft-ad,sentinelone
hrhworsched203,b'Windows 10 Enterprise 2016 LTSB 14393', ,cybercns-sec-vm,microsoft-ad,sentinelone
hrhworsched205,b'Windows 10 Enterprise 2016 LTSB 14393', ,cybercns-sec-vm,microsoft-ad,sentinelone
hrhworsched206,b'Windows 10 x64',cb-cloud, ,microsoft-ad, 
hrhworsup101,b'Windows 10 Enterprise 2016 LTSB 14393', ,cybercns-sec-vm,microsoft-ad,sentinelone
hrhworthospine1,b'Windows 10 Pro 19044', ,cybercns-sec-vm,microsoft-ad,sentinelone
hrhworthospine2,b'Windows 10 Pro 19044', ,cybercns-sec-vm,microsoft-ad,sentinelone
hrhworthospine3,b'Windows 10 Pro 19044', ,cybercns-sec-vm,microsoft-ad,sentinelone
hrhworverif101,b'Windows 10 Enterprise 2016 LTSB 14393', ,cybercns-sec-vm,microsoft-ad,sentinelone
hrhwoutclin301,b'Windows 10 Enterprise 2016 LTSB 14393', ,cybercns-sec-vm,microsoft-ad,sentinelone
hrhwoutclin303,b'Windows 10 Enterprise 2016 LTSB 14393', ,cybercns-sec-vm,microsoft-ad,sentinelone
hrhwoutclin304,b'Windows 10 Enterprise 2016 LTSB 14393', ,cybercns-sec-vm,microsoft-ad,sentinelone
hrhwpacu102,b'Windows 10 Enterprise 2016 LTSB 14393', ,cybercns-sec-vm,microsoft-ad,sentinelone
hrhwpacumng101,b'Windows 10 Pro 19044', ,cybercns-sec-vm,microsoft-ad,sentinelone
hrhwpeds401,b'Windows 10 Enterprise 2016 LTSB 14393', ,cybercns-sec-vm,microsoft-ad,sentinelone
hrhwpeds402,b'Windows 10 Enterprise 2016 LTSB 14393', ,cybercns-sec-vm,microsoft-ad,sentinelone
hrhwpeds403,b'Windows 10 Enterprise 2016 LTSB 14393', ,cybercns-sec-vm,microsoft-ad,sentinelone
hrhwph501,b'Windows 10 x64',cb-cloud, ,microsoft-ad, 
hrhwph502,b'Windows 10 x64',cb-cloud, ,microsoft-ad, 
hrhwpharm102,b'Windows 10 Enterprise 2016 LTSB 14393', ,cybercns-sec-vm,microsoft-ad,sentinelone
hrhwpharm103,b'Windows 10 Pro 19044', ,cybercns-sec-vm,microsoft-ad,sentinelone
hrhwpharm104,b'Windows 10 Pro 19044', ,cybercns-sec-vm,microsoft-ad,sentinelone
hrhwphaseii101,b'Windows 10 Enterprise 2016 LTSB 14393', ,cybercns-sec-vm,microsoft-ad,sentinelone
hrhwphaseii102,b'Windows 10 Enterprise 2016 LTSB 14393', , ,microsoft-ad,sentinelone
hrhwphsec501,b'Windows 10 Pro 19044', , ,microsoft-ad,sentinelone
hrhwpolina1,b'Windows 10 Enterprise 2016 LTSB 14393', ,cybercns-sec-vm,microsoft-ad,sentinelone
hrhwprchsdir01,b'Windows 10 Enterprise 2016 LTSB 14393', ,cybercns-sec-vm,microsoft-ad,sentinelone
hrhwpreop101,b'Windows 10 Enterprise 2016 LTSB 14393', ,cybercns-sec-vm,microsoft-ad,sentinelone
hrhwpreop102,b'Windows 10 Enterprise 19044', ,cybercns-sec-vm,microsoft-ad,sentinelone
hrhwptsat201,b'Windows 10 Enterprise 2016 LTSB 14393', ,cybercns-sec-vm,microsoft-ad,sentinelone
hrhwptsat202,b'Windows 10 Enterprise 2016 LTSB 14393', ,cybercns-sec-vm,microsoft-ad,sentinelone
hrhwpurch203,b'Windows 10 Enterprise 2016 LTSB 14393', ,cybercns-sec-vm,microsoft-ad,sentinelone
hrhwpurchsng201,b'Windows 10 Enterprise 2016 LTSB 14393', ,cybercns-sec-vm,microsoft-ad,sentinelone
hrhwquality201,b'Windows 10 Enterprise 2016 LTSB 14393', ,cybercns-sec-vm,microsoft-ad,sentinelone
hrhwrad101,b'Windows 10 Pro 19044', ,cybercns-sec-vm,microsoft-ad,sentinelone
hrhwrad102,b'Windows 10 Enterprise 2016 LTSB 14393', ,cybercns-sec-vm,microsoft-ad,sentinelone
hrhwrad103,b'Windows 10 Enterprise 2016 LTSB 14393', ,cybercns-sec-vm,microsoft-ad,sentinelone
hrhwraddir101,b'Windows 10 Enterprise 2016 LTSB 14393', ,cybercns-sec-vm,microsoft-ad,sentinelone
hrhwraddoc101,b'Windows 10 Enterprise 19045', ,cybercns-sec-vm,microsoft-ad,sentinelone
hrhwraddoc102,b'Windows 10 Enterprise 2016 LTSB 14393', ,cybercns-sec-vm,microsoft-ad,sentinelone
hrhwraddoc103,b'Windows 10 Pro 19044', ,cybercns-sec-vm,microsoft-ad,sentinelone
hrhwradreg007,b'Windows 10 Enterprise 2016 LTSB 14393', ,cybercns-sec-vm,microsoft-ad,sentinelone
hrhwradreg1,b'Windows 10 Enterprise 2016 LTSB 14393', ,cybercns-sec-vm,microsoft-ad,sentinelone
hrhwradsch010,b'Windows 10 Enterprise 2016 LTSB 14393', ,cybercns-sec-vm,microsoft-ad,sentinelone
hrhwradsch102,b'Windows 10 Enterprise 2016 LTSB 14393', ,cybercns-sec-vm,microsoft-ad,sentinelone
hrhwradsch103,b'Windows 10 Enterprise 2016 LTSB 14393', ,cybercns-sec-vm,microsoft-ad,sentinelone
hrhwradsch104,b'Windows 11 Pro 22621', ,cybercns-sec-vm,microsoft-ad,sentinelone
hrhwradsch105,b'Windows 10 Enterprise 19045', ,cybercns-sec-vm,microsoft-ad,sentinelone
hrhwradsched001,b'Windows 10 Enterprise 2016 LTSB 14393', , ,microsoft-ad,sentinelone
hrhwradsched002,b'Windows 10 Enterprise 2016 LTSB 14393', ,cybercns-sec-vm,microsoft-ad,sentinelone
hrhwsdsback101,b'Windows 10 Enterprise 2016 LTSB 14393', ,cybercns-sec-vm,microsoft-ad,sentinelone
hrhwsdsreg101,b'Windows 10 Enterprise 2016 LTSB 14393', ,cybercns-sec-vm,microsoft-ad,sentinelone
hrhwsdsreg102,b'Windows 10 Enterprise 2016 LTSB 14393', ,cybercns-sec-vm,microsoft-ad,sentinelone
hrhwsecdircam,b'Windows 11 Pro 22621', ,cybercns-sec-vm,microsoft-ad,sentinelone
hrhwsecur102b,b'Windows 10 Enterprise 2016 LTSB 14393', ,cybercns-sec-vm, ,sentinelone
hrhwsecurity101,b'Windows 10 Enterprise 2016 LTSB 14393', ,cybercns-sec-vm,microsoft-ad,sentinelone
hrhwsecurityfd,b'Windows 10 Pro 19045', ,cybercns-sec-vm,microsoft-ad,sentinelone
hrhwsleepcnt101,b'Windows 10 Enterprise 2016 LTSB 14393', ,cybercns-sec-vm,microsoft-ad,sentinelone
hrhwsleeprecep1,b'Windows 10 Enterprise 2016 LTSB 14393', ,cybercns-sec-vm,microsoft-ad,sentinelone
hrhwsleeprm2,b'Windows 10 Pro 19044', ,cybercns-sec-vm,microsoft-ad,sentinelone
hrhwsleeprm3,b'Windows 10 Enterprise 2016 LTSB 14393', ,cybercns-sec-vm,microsoft-ad,sentinelone
hrhwsleeprm4,b'Windows 10 Enterprise 2016 LTSB 14393', ,cybercns-sec-vm,microsoft-ad,sentinelone
hrhwstaffk01,b'Windows 10 Enterprise 2016 LTSB 14393', ,cybercns-sec-vm,microsoft-ad,sentinelone
hrhwstore101,b'Windows 10 x64',cb-cloud, ,microsoft-ad, 
hrhwsupchain201,b'Windows 10 Enterprise 2016 LTSB 14393', ,cybercns-sec-vm,microsoft-ad,sentinelone
hrhwtelemnp301,b'Windows 10 Enterprise 2016 LTSB 14393', ,cybercns-sec-vm,microsoft-ad,sentinelone
hrhwtelm001,b'Windows 10 Enterprise 2016 LTSB 14393', ,cybercns-sec-vm,microsoft-ad,sentinelone
hrhwtraining05,b'Windows 10 Enterprise 2016 LTSB 14393', ,cybercns-sec-vm,microsoft-ad,sentinelone
hrhwultsn102,b'Windows 10 Enterprise 2016 LTSB 14393', ,cybercns-sec-vm,microsoft-ad,sentinelone
hrhwwound201,b'Windows 10 x64',cb-cloud, ,microsoft-ad, 
hrhwwound202,b'Windows 10 x64',cb-cloud, ,microsoft-ad, 
johncathi,b'Windows 10 x64',cb-cloud, , , 
laptop-iaaien7o,b'Windows 11 Home 22621', ,cybercns-sec-vm, ,sentinelone
laptop-obk9p570,b'Windows 11 Home 22621', , , ,sentinelone
mdt-bg01,b'Windows Server 2016 Standard 14393', , ,microsoft-ad,sentinelone
mdt-bg02,b'Windows Server 2016 Standard 14393', , ,microsoft-ad,sentinelone
mdt-bg03,b'Windows Server 2016 Standard 14393', , ,microsoft-ad,sentinelone
mdt-bg04,b'Windows Server 2016 Standard 14393', , ,microsoft-ad,sentinelone
mdt-bg05,b'Windows Server 2016 Standard 14393', , ,microsoft-ad,sentinelone
mdt-bg06,b'Windows Server 2016 Standard 14393', , ,microsoft-ad,sentinelone
mdt-bg07,b'Windows Server 2016 Standard 14393', , ,microsoft-ad,sentinelone
mdt-bu01,b'Windows Server 2008 R2 Standard',cb-cloud, ,microsoft-ad, 
mdt-cm01,b'Windows Server 2016 Standard 14393', , ,microsoft-ad,sentinelone
mdt-cm02,b'Windows Server 2016 Standard',cb-cloud, ,microsoft-ad, 
mdt-cm03,b'Windows Server 2016 Standard',cb-cloud, ,microsoft-ad, 
mdt-dr01,b'Windows Server 2019 Standard 17763', , ,microsoft-ad,sentinelone
mdt-drbg01,b'Windows Server 2016 Standard 14393', , ,microsoft-ad,sentinelone
mdt-fs01,b'Windows Server 2016 Standard 14393', , ,microsoft-ad,sentinelone
mdt-fs02,b'Windows Server 2016 Standard 14393', , ,microsoft-ad,sentinelone
mdt-fs03,b'Windows Server 2016 Standard 14393', , ,microsoft-ad,sentinelone
mdt-fs04,b'Windows Server 2016 Standard 14393', , ,microsoft-ad,sentinelone
mdt-fs05,b'Windows Server 2016 Standard 14393', , ,microsoft-ad,sentinelone
mdt-hcisdoc,b'Windows Server 2016 Standard 14393', , ,microsoft-ad,sentinelone
mdt-ias01,b'Windows Server 2016 Standard 14393', , ,microsoft-ad,sentinelone
mdt-iasbg01,b'Windows Server 2016 Standard 14393', , ,microsoft-ad,sentinelone
mdt-ps01,b'Windows Server 2016 Standard 14393', , ,microsoft-ad,sentinelone
mdt-ps02,b'Windows Server 2016 Standard 14393', , ,microsoft-ad,sentinelone
mdt-reports,b'Windows Server 2016 Standard 14393', , ,microsoft-ad,sentinelone
mdt-rm01,b'Windows Server 2016 Standard 14393', , ,microsoft-ad,sentinelone
mdt-rm02,b'Windows Server 2016 Standard 14393', , ,microsoft-ad,sentinelone
mdt-rsbg02,b'Windows Server 2016 Standard 14393', , ,microsoft-ad,sentinelone
mdt-sca01,b'Windows Server 2016 Standard 14393', , ,microsoft-ad,sentinelone
mdt-scabg01,b'Windows Server 2016 Standard 14393', , ,microsoft-ad,sentinelone
mdt-ts01,b'Windows Server 2016 Standard 14393', , ,microsoft-ad,sentinelone
mdt-ts02,b'Windows Server 2016 Standard 14393', , ,microsoft-ad,sentinelone
mdt-upd-bg02,b'Windows Server 2016 Standard 14393', , ,microsoft-ad,sentinelone
mdt-upd-bg03,b'Windows Server 2016 Standard 14393', , ,microsoft-ad,sentinelone
mdt-upd-fs01,b'Windows Server 2016 Standard 14393', , ,microsoft-ad,sentinelone
mdt-vcs01,b'Windows Server 2008 R2 Standard',cb-cloud, ,microsoft-ad, 
mhaap01,b'Windows Server 2008 R2 Enterprise  7601 SP1', , ,microsoft-ad,sentinelone
mhadc03,b'Windows Server 2012 R2 Standard 9600', ,cybercns-sec-vm,microsoft-ad,sentinelone
mhaerdb,b'Windows Server 2008 R2 Standard  7601 SP1', , ,microsoft-ad,sentinelone
mhaexitcare,b'Windows Server 2008 R2 Standard  7601 SP1', , ,microsoft-ad,sentinelone
mhafs01,b'Windows Server 2012 R2 Standard 9600', , ,microsoft-ad,sentinelone
mhaftp01,b'Windows Server 2008 R2 Enterprise  7601 SP1', , ,microsoft-ad,sentinelone
mhaghx01,b'Windows Server 2008 R2 Standard',cb-cloud, ,microsoft-ad, 
mhakb01,b'Server 2008 R2 x64 SP: 1',cb-cloud, ,microsoft-ad, 
mhamedforms01,b'Windows Server 2008 R2 Enterprise  7601 SP1', , ,microsoft-ad,sentinelone
mhamorcart102,b'Windows 10 Enterprise 2016 LTSB 14393',cb-cloud, ,microsoft-ad,sentinelone
mhanetmon,b'Windows Server 2008 R2 Standard  7601 SP1', , ,microsoft-ad,sentinelone
mhanurcall,b'Windows Server 2008 R2 Standard  7601 SP1', , ,microsoft-ad,sentinelone
mhapacsdb,b'Windows Server 2012 R2 Standard 9600', ,cybercns-sec-vm,microsoft-ad,sentinelone
mhapacsprx,b'Windows Server 2012 R2 Standard 9600', ,cybercns-sec-vm,microsoft-ad,sentinelone
mhapacsuv,b'Windows Server 2012 R2 Standard 9600', , ,microsoft-ad,sentinelone
mhaps03,b'Windows Server 2012 R2 Standard 9600', ,cybercns-sec-vm,microsoft-ad,sentinelone
mhaspt01,b'Server 2008 R2 x64 SP: 1',cb-cloud, ,microsoft-ad, 
mhaurt01,b'Windows Server 2012 R2 Standard 9600', ,cybercns-sec-vm,microsoft-ad,sentinelone
mhavoip,b'Windows Server 2008 R2 Standard  7601 SP1', , ,microsoft-ad,sentinelone
mhawcasemgmt405,b'Windows 10 Enterprise 2016 LTSB 14393', ,cybercns-sec-vm,microsoft-ad,sentinelone
mhawd911-01,b'Windows 7 Professional  7601 SP1', , ,microsoft-ad,sentinelone
mhawenvir101,b'Windows 7 Professional  7601 SP1', , ,microsoft-ad,sentinelone
mhawfinance16,b'Windows 7 x86 SP: 1',cb-cloud, ,microsoft-ad, 
mhawnurcalsys,b'Windows 7 x64 SP: 1',cb-cloud, ,microsoft-ad, 
mhawphexec502,b'Windows 7 x64 SP: 1',cb-cloud, ,microsoft-ad, 
mhawradtemp,b'Windows 7 Professional  7601 SP1', , , ,sentinelone
mhawtestcad,b'Windows 7 x86 SP: 1',cb-cloud, ,microsoft-ad, 
mhawtrain01,b'Windows 7 Professional  7601 SP1',cb-cloud, ,microsoft-ad,sentinelone
naspi-hops,b'Windows 10 Pro 19045', ,cybercns-sec-vm,microsoft-ad,sentinelone
naspi-hops-bayonne01,b'Windows 10 x64',cb-cloud, , , 
naspi-hops-bayonne02,b'Windows 10 x64',cb-cloud, , , 
naspi-hops-bayonne03,b'Windows 10 x64',cb-cloud, , , 
naspi-hops-clifton01,b'Windows 10 x64',cb-cloud, , , 
naspi-hops-clifton02,b'Windows 10 x64',cb-cloud, , , 
naspi-hops-clifton03,b'Windows 10 x64',cb-cloud, , , 
naspi-hops-clifton04,b'Windows 10 x64',cb-cloud, , , 
naspi-hops-clifton05,b'Windows 10 x64',cb-cloud, , , 
naspi-hops-exam1,b'Windows 10 x64',cb-cloud, , , 
naspi-hops-exam2,b'Windows 10 x64',cb-cloud, , , 
naspi-hops-exam3,b'Windows 10 x64',cb-cloud, , , 
naspi-hops-exam4,b'Windows 10 x64',cb-cloud, , , 
naspi-hops-exam5,b'Windows 10 x64',cb-cloud, , , 
naspi-hops-nb01,b'Windows 10 x64',cb-cloud, , , 
naspi-hops-nb02,b'Windows 10 x64',cb-cloud, , , 
naspi-hops-nb03,b'Windows 10 x64',cb-cloud, , , 
naspi-hops-nb04,b'Windows 10 x64',cb-cloud, , , 
naspi-hops-nbdr,b'Windows 10 x64',cb-cloud, , , 
naspi-hops-ridgewood01,b'Windows 10 x64',cb-cloud, , , 
naspi-hops-ridgewood03,b'Windows 10 x64',cb-cloud, , , 
naspi-hops-ridgewood05,b'Windows 10 x64',cb-cloud, , , 
naspi-hops-room01,b'Windows 10 x64',cb-cloud, , , 
naspi-hops-room02,b'Windows 10 x64',cb-cloud, , , 
naspi-hops-room03,b'Windows 10 x64',cb-cloud, , , 
naspi-hops-room04,b'Windows 10 x64',cb-cloud, , , 
naspi-riw02,b'Windows 11 Pro 22621', ,cybercns-sec-vm,microsoft-ad,sentinelone
naspihops101,b'Windows 10 Pro 19045', ,cybercns-sec-vm,microsoft-ad,sentinelone
newhrhps01,b'Windows Server 2016 Standard 14393', ,cybercns-sec-vm,microsoft-ad,sentinelone
nspihopsvdi-01,b'Windows 10 Enterprise 2016 LTSB 14393', , , ,sentinelone
nspihopsvdi-02,b'Windows 10 Enterprise 2016 LTSB 14393', , , ,sentinelone
nspihopsvdi-03,b'Windows 10 Enterprise 2016 LTSB 14393', , , ,sentinelone
nspihopsvdi-04,b'Windows 10 Enterprise 2016 LTSB 14393', , , ,sentinelone
nspihopsvdi-05,b'Windows 10 Enterprise 2016 LTSB 14393', , , ,sentinelone
nspihopsvdi-06,b'Windows 10 Enterprise 2016 LTSB 14393', , , ,sentinelone
nspihopsvdi-07,b'Windows 10 Enterprise 2016 LTSB 14393', , , ,sentinelone
nspihopsvdi-08,b'Windows 10 Enterprise 2016 LTSB 14393', , , ,sentinelone
nspihopsvdi-09,b'Windows 10 Enterprise 2016 LTSB 14393', , , ,sentinelone
nspihopsvdi-10,b'Windows 10 Enterprise 2016 LTSB 14393', , , ,sentinelone
nspihopsvdi-11,b'Windows 10 Enterprise 2016 LTSB 14393', , , ,sentinelone
nspihopsvdi-12,b'Windows 10 Enterprise 2016 LTSB 14393', , , ,sentinelone
nspihopsvdi-13,b'Windows 10 Enterprise 2016 LTSB 14393', , , ,sentinelone
nspihopsvdi-14,b'Windows 10 Enterprise 2016 LTSB 14393', , , ,sentinelone
nspihopsvdi-15,b'Windows 10 Enterprise 2016 LTSB 14393', , , ,sentinelone
nspihopsvdi-16,b'Windows 10 Enterprise 2016 LTSB 14393', , , ,sentinelone
nspihopsvdi-17,b'Windows 10 Enterprise 2016 LTSB 14393', , , ,sentinelone
nspihopsvdi-18,b'Windows 10 Enterprise 2016 LTSB 14393', , , ,sentinelone
nspihopsvdi-19,b'Windows 10 Enterprise 2016 LTSB 14393', , , ,sentinelone
nspihopsvdi-20,b'Windows 10 Enterprise 2016 LTSB 14393', , , ,sentinelone
nspihopsvdi-21,b'Windows 10 Enterprise 2016 LTSB 14393', , , ,sentinelone
nspihopsvdi-22,b'Windows 10 Enterprise 2016 LTSB 14393', , , ,sentinelone
nspihopsvdi-23,b'Windows 10 Enterprise 2016 LTSB 14393', , , ,sentinelone
nspihopsvdi-24,b'Windows 10 Enterprise 2016 LTSB 14393', , , ,sentinelone
nspihopsvdi-25,b'Windows 10 Enterprise 2016 LTSB 14393', , , ,sentinelone
nspihopsvdi-26,b'Windows 10 Enterprise 2016 LTSB 14393', , , ,sentinelone
nspihopsvdi-27,b'Windows 10 Enterprise 2016 LTSB 14393', , , ,sentinelone
nspihopsvdi-28,b'Windows 10 Enterprise 2016 LTSB 14393', , , ,sentinelone
nspihopsvdi-29,b'Windows 10 Enterprise 2016 LTSB 14393', , , ,sentinelone
nspihopsvdi-30,b'Windows 10 Enterprise 2016 LTSB 14393', , , ,sentinelone
old-mdt-ts02,b'Windows Server 2008 R2 Standard',cb-cloud, ,microsoft-ad, 
one-md-aiow02,b'Windows 11 x64',cb-cloud, , , 
one-md-nwk01,b'Windows 10 x64',cb-cloud, , , 
onemd-aiow03,b'Windows 11 x64',cb-cloud, , , 
onemd-edgew01,b'Windows 11 Pro 22000', ,cybercns-sec-vm, ,sentinelone
onemd-edgew02,b'Windows 11 Pro 22000', ,cybercns-sec-vm, ,sentinelone
onemd-edgew03,b'Windows 11 Pro 22000', , , ,sentinelone
onemd-edgew04,b'Windows 11 Pro 22000', ,cybercns-sec-vm, ,sentinelone
onemd-edgew05,b'Windows 11 Pro 22000', , , ,sentinelone
onemd-edgew06,b'Windows 11 Pro 22621', , , ,sentinelone
onemd-nalp01,b'Windows 11 x64',cb-cloud, , , 
onemd-nalp03,b'Windows 11 x64',cb-cloud, , , 
onemd-ngarey,b'Windows 11 Pro 22000', ,cybercns-sec-vm, ,sentinelone
opsus-jumpbox,b'Windows Server 2016 Standard 14393', , , ,sentinelone
ridgewood-room1,b'Windows 10 x64',cb-cloud, , , 
ridgewood-room2,b'Windows 10 x64',cb-cloud, , , 
ridgewood-room3,b'Windows 10 x64',cb-cloud, , , 
sql2012prod1,b'Windows Server 2016 Standard 14393', ,cybercns-sec-vm,microsoft-ad,sentinelone
vcprod1,b'Windows Server 2016 Standard 14393', ,cybercns-sec-vm,microsoft-ad,sentinelone
vcprod2,b'Windows Server 2016 Standard 14393', ,cybercns-sec-vm,microsoft-ad,sentinelone
xps8900,b'Windows 10 x64',cb-cloud, , , 
